,Accuracy,Precision,Recall,F1,AUC,MCC
LogisticRegression,0.9394122079879428,0.8201603665521191,0.745057232049948,0.7808069792802618,0.858693579014047,0.7469064482313071
DecisionTree,0.9415222305953278,0.8018967334035827,0.7918834547346514,0.7968586387434555,0.8793749314561519,0.7627258249153193
KNN,0.9317256970610399,0.7933025404157044,0.7148803329864725,0.7520525451559934,0.8416664618756825,0.7138870273607882
NaiveBayes,0.6376789751318764,0.28558692421991083,1.0,0.444290337494221,0.7881565033486077,0.40569379952198753
RandomForest,0.9608138658628486,0.8822246455834242,0.841831425598335,0.8615548455804047,0.9113986172757272,0.8390588829893258
XGBoost,0.9576488319517709,0.8703703703703703,0.8314255983350677,0.8504523682810006,0.9052263698407802,0.8260923826134583
