Model,Accuracy,Precision,Recall,F1,AUC,MCC
Logistic Regression,0.9412207987942728,0.8152295632698768,0.7639034627492131,0.7887323943661971,0.8674321959997385,0.7551738546232714
Decision Tree,0.9424265259984929,0.8073196986006459,0.7869884575026233,0.7970244420828906,0.8777427327991821,0.7635710213908249
KNN,0.9293142426525999,0.7731376975169301,0.7187827911857293,0.7449700924415443,0.8417039615907528,0.7046347534169184
Naive Bayes,0.6245666917859835,0.2767131242740999,1.0,0.4334773709347282,0.7807990144315382,0.39421002670261696
Random Forest,0.9553880934438583,0.8629834254143647,0.8195173137460651,0.8406889128094726,0.898847006045859,0.8151392330536049
XGBoost,0.9567445365486059,0.8572961373390557,0.838405036726128,0.8477453580901857,0.9074988928790795,0.8226097484376571
